ateco_code,risk_level,description
01.11.10,medio,Coltivazione di cereali (escluso il riso) RISCHIO
01.11.20,medio,Coltivazione di semi oleosi RISCHIO
01.11.30,medio,Coltivazione di legumi da granella RISCHIO
01.11.40,medio,"Coltivazioni miste di cereali, legumi da granella e semi oleosi RISCHIO"
01.12.00,medio,Coltivazione di riso RISCHIO
01.13.30,medio,Coltivazione di barbabietola da zucchero RISCHIO
01.13.40,medio,Coltivazione di patate RISCHIO
01.14.00,medio,Coltivazione di canna da zucchero RISCHIO
01.15.00,medio,Coltivazione di tabacco RISCHIO
01.16.00,medio,Coltivazione di piante per la preparazione di fibre tessili RISCHIO
01.19.10,medio,Coltivazione di fiori in piena aria RISCHIO
01.19.20,medio,Coltivazione di fiori in colture protette RISCHIO
01.19.90,medio,Coltivazione di piante da foraggio e di altre colture non permanenti RISCHIO
01.21.00,medio,Coltivazione di uva RISCHIO
01.22.00,medio,Coltivazione di frutta di origine tropicale e subtropicale RISCHIO
01.23.00,medio,Coltivazione di agrumi RISCHIO
01.24.00,medio,Coltivazione di pomacee e frutta a nocciolo RISCHIO
01.25.00,medio,"Coltivazione di altri alberi da frutta, frutti di bosco e frutta in guscio RISCHIO"
01.26.00,medio,Coltivazione di frutti oleosi RISCHIO
01.27.00,medio,Coltivazione di piante per la produzione di bevande RISCHIO
01.28.00,medio,"Coltivazione di spezie, piante aromatiche e farmaceutiche RISCHIO"
01.29.00,medio,Coltivazione di altre colture permanenti (inclusi alberi di Natale) RISCHIO
01.30.00,medio,Riproduzione delle piante RISCHIO
01.41.00,medio,"Allevamento di bovini e bufale da latte, produzione di latte crudo RISCHIO"
01.42.00,medio,Allevamento di bovini e bufalini da carne RISCHIO
01.43.00,medio,Allevamento di cavalli e altri equini RISCHIO
01.44.00,medio,Allevamento di cammelli e camelidi RISCHIO
01.45.00,medio,Allevamento di ovini e caprini RISCHIO
01.46.00,medio,Allevamento di suini RISCHIO
01.47.00,medio,Allevamento di pollame RISCHIO
01.49.10,medio,Allevamento di conigli RISCHIO
01.49.20,medio,Allevamento di animali da pelliccia RISCHIO
01.49.30,medio,Apicoltura RISCHIO
01.49.40,medio,Bachicoltura RISCHIO
01.49.90,medio,Allevamento di altri animali nca RISCHIO
01.50.00,medio,Coltivazioni agricole associate all'allevamento di animali: attività mista RISCHIO
01.61.00,medio,Attività di supporto alla produzione vegetale RISCHIO
01.62.01,medio,Attività dei maniscalchi RISCHIO
01.62.09,medio,Altre attività di supporto alla produzione animale (esclusi i servizi veterinari) RISCHIO
01.63.00,medio,Attività che seguono la raccolta RISCHIO
01.64.01,medio,Pulitura e cernita di semi e granaglie RISCHIO
01.64.09,medio,Altre lavorazioni delle sementi per la semina RISCHIO
01.70.00,medio,"Caccia, cattura di animali e servizi connessi RISCHIO"
02.10.00,medio,Silvicoltura e altre attività forestali RISCHIO
02.20.00,medio,Utilizzo di aree forestali RISCHIO
02.30.00,medio,Raccolta di prodotti selvatici non legnosi RISCHIO
02.40.00,medio,Servizi di supporto per la silvicoltura RISCHIO
03.11.00,medio,Pesca in acque marine e lagunari e servizi connessi RISCHIO
03.12.00,medio,Pesca in acque dolci e servizi connessi RISCHIO
03.21.00,medio,"Acquacoltura in acqua di mare, salmastra o lagunare e servizi connessi RISCHIO"
03.22.00,medio,Acquacoltura in acque dolci e servizi connessi RISCHIO
05.10.00,alto,Estrazione di antracite e litantrace RISCHIO
05.20.00,alto,Estrazione di lignite RISCHIO
06.10.00,alto,Estrazione di petrolio greggio RISCHIO
06.20.00,alto,Estrazione di gas naturale RISCHIO
07.10.00,alto,Estrazione di minerali metalliferi ferrosi RISCHIO
07.21.00,alto,Estrazione di minerali di uranio e di torio RISCHIO
07.29.00,alto,Estrazione di altri minerali metalliferi non ferrosi RISCHIO
08.11.00,alto,"Estrazione di pietre ornamentali e da costruzione, calcare, pietra da gesso, creta RISCHIO"
08.12.00,alto,"Estrazione di ghiaia, sabbia; estrazione di argille e caolino RISCHIO"
08.91.00,alto,Estrazione di minerali per l'industria chimica e per la produzione di fertilizzanti RISCHIO
08.92.00,alto,Estrazione di torba RISCHIO
08.93.00,alto,Estrazione di sale RISCHIO
08.99.01,alto,Estrazione di asfalto e bitume naturale RISCHIO
08.99.09,alto,Estrazione di pomice e di altri minerali nca RISCHIO
09.10.00,alto,Attività di supporto all'estrazione di petrolio e di gas naturale RISCHIO
09.90.09,alto,Attività di supporto all'estrazione di altri minerali nca RISCHIO
10.11.00,alto,Produzione di carne non di volatili e di prodotti della macellazione (attività dei RISCHIO
10.12.00,alto,Produzione di carne di volatili e prodotti della loro macellazione (attività dei RISCHIO
10.13.00,alto,Produzione di prodotti a base di carne (inclusa la carne di volatili) RISCHIO
10.31.00,alto,Lavorazione e conservazione delle patate RISCHIO
10.32.00,alto,Produzione di succhi di frutta e di ortaggi RISCHIO
10.39.00,alto,Lavorazione e conservazione di frutta e di ortaggi (esclusi i succhi di frutta e di RISCHIO
10.41.10,alto,Produzione di olio di oliva da olive prevalentemente non di produzione propria RISCHIO
10.41.30,alto,Produzione di oli e grassi animali grezzi o raffinati RISCHIO
10.42.00,alto,Produzione di margarina e di grassi commestibili simili RISCHIO
10.51.10,alto,Trattamento igienico del latte RISCHIO
10.51.20,alto,Produzione dei derivati del latte RISCHIO
10.52.00,alto,Produzione di gelati senza vendita diretta al pubblico RISCHIO
10.61.10,alto,Molitura del frumento RISCHIO
10.61.20,alto,Molitura di altri cereali RISCHIO
10.61.30,alto,Lavorazione del riso RISCHIO
10.61.40,alto,Altre lavorazioni di semi e granaglie RISCHIO
10.62.00,alto,Produzione di amidi e di prodotti amidacei (inclusa produzione di olio di mais) RISCHIO
10.71.10,alto,Produzione di prodotti di panetteria freschi RISCHIO
10.71.20,alto,Produzione di pasticceria fresca RISCHIO
10.72.00,alto,"Produzione di fette biscottate, biscotti; prodotti di pasticceria conservati RISCHIO"
10.73.00,alto,"Produzione di paste alimentari, di cuscus e di prodotti farinacei simili RISCHIO"
10.81.00,alto,Produzione di zucchero RISCHIO
10.82.00,alto,"Produzione di cacao in polvere, cioccolato, caramelle e confetterie RISCHIO"
10.83.01,alto,Lavorazione del caffè RISCHIO
10.83.02,alto,Lavorazione del tè e di altri preparati per infusi RISCHIO
10.84.00,alto,Produzione di condimenti e spezie RISCHIO
10.85.01,alto,Produzione di piatti pronti a base di carne e pollame RISCHIO
10.85.02,alto,"Produzione di piatti pronti a base di pesce, inclusi fish and chips RISCHIO"
10.85.03,alto,Produzione di piatti pronti a base di ortaggi RISCHIO
10.85.04,alto,Produzione di pizza confezionata RISCHIO
10.85.05,alto,Produzione di piatti pronti a base di pasta RISCHIO
10.85.09,alto,Produzione di pasti e piatti pronti di altri prodotti alimentari RISCHIO
10.86.00,alto,Produzione di preparati omogeneizzati e di alimenti dietetici RISCHIO
10.89.01,alto,Produzione di estratti e succhi di carne RISCHIO
10.89.09,alto,Produzione di altri prodotti alimentari nca RISCHIO
10.91.00,alto,Produzione di mangimi per l'alimentazione degli animali da allevamento RISCHIO
10.92.00,alto,Produzione di prodotti per l'alimentazione degli animali da compagnia RISCHIO
11.01.00,alto,"Distillazione, rettifica e miscelatura degli alcolici RISCHIO"
11.02.10,alto,Produzione di vini da tavola e v.q.p.r.d. RISCHIO
11.02.20,alto,Produzione di vino spumante e altri vini speciali RISCHIO
11.03.00,alto,Produzione di sidro e di altri vini a base di frutta RISCHIO
11.04.00,alto,Produzione di altre bevande fermentate non distillate RISCHIO
11.05.00,alto,Produzione di birra RISCHIO
11.06.00,alto,Produzione di malto RISCHIO
11.07.00,alto,"Industria delle bibite analcoliche, delle acque minerali e di altre acque in bottiglia RISCHIO"
12.00.00,alto,Industria del tabacco RISCHIO
13.10.00,alto,Preparazione e filatura di fibre tessili RISCHIO
13.20.00,alto,Tessitura RISCHIO
13.30.00,alto,"Finissaggio dei tessili, degli articoli di vestiario e attività similari RISCHIO"
13.91.00,alto,Fabbricazione di tessuti a maglia RISCHIO
13.92.10,alto,"Confezionamento di biancheria da letto, da tavola e per l'arredamento RISCHIO"
13.92.20,alto,Fabbricazione di articoli in materie tessili nca RISCHIO
13.93.00,alto,Fabbricazione di tappeti e moquette RISCHIO
13.94.00,alto,"Fabbricazione di spago, corde, funi e reti RISCHIO"
13.96.10,alto,"Fabbricazione di nastri, etichette e passamanerie di fibre tessili RISCHIO"
13.96.20,alto,Fabbricazione di altri articoli tessili tecnici ed industriali RISCHIO
13.99.10,alto,Fabbricazione di ricami RISCHIO
13.99.20,alto,"Fabbricazione di tulle, pizzi e merletti RISCHIO"
13.99.90,alto,Fabbricazione di feltro e articoli tessili diversi RISCHIO
14.11.00,alto,Confezione di abbigliamento in pelle e similpelle RISCHIO
14.12.00,alto,"Confezione di camici, divise ed altri indumenti da lavoro RISCHIO"
14.13.10,alto,Confezione in serie di abbigliamento esterno RISCHIO
14.13.20,alto,Sartoria e confezione su misura di abbigliamento esterno RISCHIO
14.14.00,alto,"Confezione di camicie, T-shirt, corsetteria e altra biancheria intima RISCHIO"
14.19.10,alto,Confezioni varie e accessori per l'abbigliamento RISCHIO
14.19.21,alto,Fabbricazione di calzature realizzate in materiale tessile senza suole applicate RISCHIO
14.19.29,alto,Confezioni di abbigliamento sportivo o di altri indumenti particolari RISCHIO
14.20.00,alto,Confezione di articoli in pelliccia RISCHIO
14.31.00,alto,Fabbricazione di articoli di calzetteria in maglia RISCHIO
14.39.00,alto,"Fabbricazione di pullover, cardigan ed altri articoli simili a maglia RISCHIO"
15.11.00,alto,Preparazione e concia del cuoio e pelle; preparazione e tintura di pellicce RISCHIO
15.12.01,alto,Fabbricazione di frustini e scudisci per equitazione RISCHIO
15.12.09,alto,"Fabbricazione di altri articoli da viaggio, borse e simili, pelletteria e selleria RISCHIO"
15.20.10,alto,Fabbricazione di calzature RISCHIO
15.20.20,alto,Fabbricazione di parti in cuoio per calzature RISCHIO
16.10.00,alto,Taglio e piallatura del legno RISCHIO
16.21.00,alto,Fabbricazione di fogli da impiallacciatura e di pannelli a base di legno RISCHIO
16.22.00,alto,Fabbricazione di pavimenti in parquet assemblato RISCHIO
16.23.10,alto,Fabbricazione di porte e finestre in legno (escluse porte blindate) RISCHIO
16.23.20,alto,Fabbricazione di altri elementi in legno e di falegnameria per l'edilizia RISCHIO
16.24.00,alto,Fabbricazione di imballaggi in legno RISCHIO
16.29.11,alto,Fabbricazione di parti in legno per calzature RISCHIO
16.29.12,alto,"Fabbricazione di manici di ombrelli, bastoni e simili RISCHIO"
16.29.19,alto,Fabbricazione di altri prodotti vari in legno (esclusi i mobili) RISCHIO
16.29.20,alto,Fabbricazione dei prodotti della lavorazione del sughero RISCHIO
16.29.30,alto,Fabbricazione di articoli in paglia e materiali da intreccio RISCHIO
16.29.40,alto,Laboratori di corniciai RISCHIO
17.11.00,alto,Fabbricazione di pasta-carta RISCHIO
17.12.00,alto,Fabbricazione di carta e cartone RISCHIO
17.22.00,alto,Fabbricazione di prodotti igienico-sanitari e per uso domestico in carta e ovatta di RISCHIO
17.23.09,alto,Fabbricazione di altri prodotti cartotecnici RISCHIO
17.24.00,alto,Fabbricazione di carta da parati RISCHIO
17.29.00,alto,Fabbricazione di altri articoli di carta e cartone RISCHIO
18.11.00,alto,Stampa di giornali RISCHIO
18.12.00,alto,Altra stampa RISCHIO
18.13.00,alto,Lavorazioni preliminari alla stampa e ai media RISCHIO
18.14.00,alto,Legatoria e servizi connessi RISCHIO
18.20.00,alto,Riproduzione di supporti registrati RISCHIO
19.10.01,alto,Fabbricazione di pece e coke di pece RISCHIO
19.10.09,alto,Fabbricazione di altri prodotti di cokeria RISCHIO
19.20.10,alto,Raffinerie di petrolio RISCHIO
19.20.20,alto,Preparazione o miscelazione di derivati del petrolio (esclusa la petrolchimica) RISCHIO
19.20.30,alto,Miscelazione di gas petroliferi liquefatti (GPL) e loro imbottigliamento RISCHIO
19.20.40,alto,"Fabbricazione di emulsioni di bitume, di catrame e di leganti per uso stradale RISCHIO"
19.20.90,alto,Fabbricazione di altri prodotti petroliferi raffinati RISCHIO
20.11.00,alto,Fabbricazione di gas industriali RISCHIO
20.12.00,alto,Fabbricazione di coloranti e pigmenti RISCHIO
20.13.01,alto,Fabbricazione di uranio e torio arricchito RISCHIO
20.13.09,alto,Fabbricazione di altri prodotti chimici di base inorganici RISCHIO
20.14.01,alto,Fabbricazione di alcol etilico da materiali fermentati RISCHIO
20.14.09,alto,Fabbricazione di altri prodotti chimici di base organici nca RISCHIO
20.15.00,alto,Fabbricazione di fertilizzanti e composti azotati (esclusa la fabbricazione di RISCHIO
20.16.00,alto,Fabbricazione di materie plastiche in forme primarie RISCHIO
20.17.00,alto,Fabbricazione di gomma sintetica in forme primarie RISCHIO
20.20.00,alto,Fabbricazione di agrofarmaci e di altri prodotti chimici per l'agricoltura (esclusi i RISCHIO
20.30.00,alto,"Fabbricazione di pitture, vernici e smalti, inchiostri da stampa e adesivi sintetici RISCHIO"
20.41.20,alto,Fabbricazione di specialità chimiche per uso domestico e per manutenzione RISCHIO
20.42.00,alto,"Fabbricazione di prodotti per toletta: profumi, cosmetici, saponi e simili RISCHIO"
20.51.01,alto,Fabbricazione di fiammiferi RISCHIO
20.51.02,alto,Fabbricazione di articoli esplosivi RISCHIO
20.52.00,alto,Fabbricazione di colle RISCHIO
20.53.00,alto,Fabbricazione di oli essenziali RISCHIO
20.59.10,alto,Fabbricazione di prodotti chimici per uso fotografico RISCHIO
20.59.30,alto,Trattamento chimico degli acidi grassi RISCHIO
20.59.50,alto,Fabbricazione di prodotti chimici impiegati per ufficio e per il consumo non RISCHIO
20.59.60,alto,Fabbricazione di prodotti ausiliari per le industrie tessili e del cuoio RISCHIO
20.59.90,alto,Fabbricazione di altri prodotti chimici nca RISCHIO
20.60.00,alto,Fabbricazione di fibre sintetiche e artificiali RISCHIO
21.10.00,alto,Fabbricazione di prodotti farmaceutici di base RISCHIO
21.20.01,alto,Fabbricazione di sostanze diagnostiche radioattive in vivo RISCHIO
21.20.09,alto,Fabbricazione di medicinali ed altri preparati farmaceutici RISCHIO
22.11.10,alto,Fabbricazione di pneumatici e di camere d'aria RISCHIO
22.11.20,alto,Rigenerazione e ricostruzione di pneumatici RISCHIO
22.19.01,alto,Fabbricazione di suole di gomma e altre parti in gomma per calzature RISCHIO
22.19.09,alto,Fabbricazione di altri prodotti in gomma nca RISCHIO
22.21.00,alto,"Fabbricazione di lastre, fogli, tubi e profilati in materie plastiche RISCHIO"
22.22.00,alto,Fabbricazione di imballaggi in materie plastiche RISCHIO
22.23.01,alto,"Fabbricazione di rivestimenti elastici per pavimenti (vinile, linoleum eccetera) RISCHIO"
22.23.02,alto,"Fabbricazione di porte, finestre, intelaiature eccetera in plastica per l'edilizia RISCHIO"
22.23.09,alto,Fabbricazione di altri articoli in plastica per l'edilizia RISCHIO
22.29.01,alto,Fabbricazione di parti in plastica per calzature RISCHIO
22.29.02,alto,Fabbricazione di oggetti per l'ufficio e la scuola in plastica RISCHIO
22.29.09,alto,Fabbricazione di altri articoli in materie plastiche nca RISCHIO
23.11.00,alto,Fabbricazione di vetro piano RISCHIO
23.12.00,alto,Lavorazione e trasformazione del vetro piano RISCHIO
23.13.00,alto,Fabbricazione di vetro cavo RISCHIO
23.14.00,alto,Fabbricazione di fibre di vetro RISCHIO
23.19.10,alto,"Fabbricazione di vetrerie per laboratori, per uso igienico, per farmacia RISCHIO"
23.19.20,alto,Lavorazione di vetro a mano e a soffio artistico RISCHIO
23.19.90,alto,Fabbricazione di altri prodotti in vetro (inclusa la vetreria tecnica) RISCHIO
23.20.00,alto,Fabbricazione di prodotti refrattari RISCHIO
23.31.00,alto,Fabbricazione di piastrelle in ceramica per pavimenti e rivestimenti RISCHIO
23.32.00,alto,"Fabbricazione di mattoni, tegole ed altri prodotti per l'edilizia in terracotta RISCHIO"
23.41.00,alto,Fabbricazione di prodotti in ceramica per usi domestici e ornamentali RISCHIO
23.42.00,alto,Fabbricazione di articoli sanitari in ceramica RISCHIO
23.43.00,alto,Fabbricazione di isolatori e di pezzi isolanti in ceramica RISCHIO
23.44.00,alto,Fabbricazione di altri prodotti in ceramica per uso tecnico e industriale RISCHIO
23.49.00,alto,Fabbricazione di altri prodotti in ceramica RISCHIO
23.51.00,alto,Produzione di cemento RISCHIO
23.52.10,alto,Produzione di calce RISCHIO
23.52.20,alto,Produzione di gesso RISCHIO
23.61.00,alto,Fabbricazione di prodotti in calcestruzzo per l'edilizia RISCHIO
23.62.00,alto,Fabbricazione di prodotti in gesso per l'edilizia RISCHIO
23.63.00,alto,Produzione di calcestruzzo pronto per l'uso RISCHIO
23.64.00,alto,Produzione di malta RISCHIO
23.65.00,alto,Fabbricazione di prodotti in fibrocemento RISCHIO
23.69.00,alto,"Fabbricazione di altri prodotti in calcestruzzo, gesso e cemento RISCHIO"
23.70.10,alto,Segagione e lavorazione delle pietre e del marmo RISCHIO
23.70.20,alto,"Lavorazione artistica del marmo e di altre pietre affini, lavori in mosaico RISCHIO"
23.70.30,alto,Frantumazione di pietre e minerali vari non in connessione con l'estrazione RISCHIO
23.91.00,alto,Produzione di prodotti abrasivi RISCHIO
23.99.00,alto,Fabbricazione di altri prodotti in minerali non metalliferi nca RISCHIO
24.10.00,alto,"Siderurgia - Fabbricazione di ferro, acciaio e ferroleghe RISCHIO"
24.20.10,alto,Fabbricazione di tubi e condotti senza saldatura RISCHIO
24.20.20,alto,Fabbricazione di tubi e condotti saldati e simili RISCHIO
24.31.00,alto,Stiratura a freddo di barre RISCHIO
24.32.00,alto,Laminazione a freddo di nastri RISCHIO
24.33.01,alto,Fabbricazione di pannelli stratificati in acciaio RISCHIO
24.33.02,alto,Profilatura mediante formatura o piegatura a freddo RISCHIO
24.34.00,alto,Trafilatura a freddo RISCHIO
24.41.00,alto,Produzione di metalli preziosi e semilavorati RISCHIO
24.42.00,alto,Produzione di alluminio e semilavorati RISCHIO
24.43.00,alto,"Produzione di piombo, zinco e stagno e semilavorati RISCHIO"
24.44.00,alto,Produzione di rame e semilavorati RISCHIO
24.45.00,alto,Produzione di altri metalli non ferrosi e semilavorati RISCHIO
24.46.00,alto,Trattamento dei combustibili nucleari (escluso l'arricchimento di uranio e torio) RISCHIO
24.51.00,alto,Fusione di ghisa e produzione di tubi e raccordi in ghisa RISCHIO
24.52.00,alto,Fusione di acciaio RISCHIO
24.53.00,alto,Fusione di metalli leggeri RISCHIO
24.54.00,alto,Fusione di altri metalli non ferrosi RISCHIO
25.11.00,alto,Fabbricazione di strutture metalliche e parti assemblate di strutture RISCHIO
25.12.10,alto,"Fabbricazione di porte, finestre e loro telai, imposte e cancelli metallici RISCHIO"
25.12.20,alto,"Fabbricazione di strutture metalliche per tende da sole, tende alla veneziana e RISCHIO"
25.21.00,alto,Fabbricazione di radiatori e contenitori in metallo per caldaie per il riscaldamento RISCHIO
25.40.00,alto,Fabbricazione di armi e munizioni RISCHIO
25.50.00,alto,"Fucinatura, imbutitura, stampaggio e profilatura dei metalli; metallurgia delle RISCHIO"
25.61.00,alto,Trattamento e rivestimento dei metalli RISCHIO
25.62.00,alto,Lavori di meccanica generale RISCHIO
25.71.00,alto,"Fabbricazione di articoli di coltelleria, posateria ed armi bianche RISCHIO"
25.72.00,alto,Fabbricazione di serrature e cerniere e ferramenta simili RISCHIO
25.73.11,alto,Fabbricazione di utensileria ad azionamento manuale RISCHIO
25.73.12,alto,Fabbricazione di parti intercambiabili per macchine utensili RISCHIO
25.73.20,alto,"Fabbricazione di stampi, portastampi, sagome, forme per macchine RISCHIO"
25.91.00,alto,Fabbricazione di bidoni in acciaio e contenitori analoghi per il trasporto e RISCHIO
25.92.00,alto,Fabbricazione di imballaggi leggeri in metallo RISCHIO
25.93.10,alto,Fabbricazione di prodotti fabbricati con fili metallici RISCHIO
25.93.20,alto,Fabbricazione di molle RISCHIO
25.93.30,alto,Fabbricazione di catene fucinate senza saldatura e stampate RISCHIO
25.94.00,alto,Fabbricazione di articoli di bulloneria RISCHIO
25.99.11,alto,Fabbricazione di caraffe e bottiglie isolate in metallo RISCHIO
25.99.20,alto,"Fabbricazione di casseforti, forzieri e porte metalliche blindate RISCHIO"
25.99.30,alto,"Fabbricazione di oggetti in ferro, in rame ed altri metalli RISCHIO"
25.99.91,alto,Fabbricazione di magneti metallici permanenti RISCHIO
25.99.99,alto,Fabbricazione di altri articoli metallici e minuteria metallica nca RISCHIO
26.11.01,alto,"Fabbricazione di diodi, transistor e relativi congegni elettronici RISCHIO"
26.11.09,alto,Fabbricazione di altri componenti elettronici RISCHIO
26.12.00,alto,Fabbricazione di schede elettroniche assemblate RISCHIO
26.20.00,alto,Fabbricazione di computer e unità periferiche RISCHIO
26.30.10,alto,Fabbricazione di apparecchi trasmittenti radiotelevisivi (incluse le telecamere) RISCHIO
26.30.21,alto,Fabbricazione di sistemi antifurto e antincendio RISCHIO
26.30.29,alto,Fabbricazione di altri apparecchi elettrici ed elettronici per telecomunicazioni RISCHIO
26.40.01,alto,Fabbricazione di apparecchi per la riproduzione e registrazione del suono e delle RISCHIO
26.40.02,alto,Fabbricazione di console per videogiochi (esclusi i giochi elettronici) RISCHIO
26.51.10,alto,"Fabbricazione di strumenti per navigazione, idrologia, geofisica e meteorologia RISCHIO"
26.51.21,alto,generatori d'impulso e metal detector RISCHIO
26.52.00,alto,Fabbricazione di orologi RISCHIO
26.60.01,alto,Fabbricazione di apparecchiature di irradiazione per alimenti e latte RISCHIO
26.60.02,alto,Fabbricazione di apparecchi elettromedicali (incluse parti staccate e accessori) RISCHIO
26.70.11,alto,Fabbricazione di elementi ottici e strumenti ottici di precisione RISCHIO
26.70.12,alto,Fabbricazione di attrezzature ottiche di misurazione e controllo RISCHIO
26.70.20,alto,Fabbricazione di apparecchiature fotografiche e cinematografiche RISCHIO
26.80.00,alto,Fabbricazione di supporti magnetici ed ottici RISCHIO
27.11.00,alto,"Fabbricazione di motori, generatori e trasformatori elettrici RISCHIO"
27.12.00,alto,Fabbricazione di apparecchiature per le reti di distribuzione e il controllo RISCHIO
27.20.00,alto,Fabbricazione di batterie di pile ed accumulatori elettrici RISCHIO
27.31.01,alto,Fabbricazione di cavi a fibra ottica per la trasmissione di dati o di immagini RISCHIO
27.31.02,alto,Fabbricazione di fibre ottiche RISCHIO
27.32.00,alto,Fabbricazione di altri fili e cavi elettrici ed elettronici RISCHIO
27.33.01,alto,Fabbricazione di apparecchiature in plastica non conduttiva RISCHIO
27.33.09,alto,Fabbricazione di altre attrezzature per cablaggio RISCHIO
27.40.01,alto,Fabbricazione di apparecchiature di illuminazione e segnalazione per mezzi di RISCHIO
27.40.09,alto,Fabbricazione di altre apparecchiature per illuminazione RISCHIO
27.51.00,alto,Fabbricazione di elettrodomestici RISCHIO
27.52.00,alto,Fabbricazione di apparecchi per uso domestico non elettrici RISCHIO
27.90.01,alto,Fabbricazione di apparecchiature elettriche per saldature e brasature RISCHIO
27.90.02,alto,Fabbricazione di insegne elettriche e apparecchiature elettriche di segnalazione RISCHIO
27.90.03,alto,"Fabbricazione di capacitori elettrici, resistenze, condensatori e simili, acceleratori RISCHIO"
27.90.09,alto,Fabbricazione di altre apparecchiature elettriche nca RISCHIO
28.11.20,alto,Fabbricazione di turbine e turboalternatori (incluse parti e accessori) RISCHIO
28.12.00,alto,Fabbricazione di apparecchiature fluidodinamiche RISCHIO
28.13.00,alto,Fabbricazione di altre pompe e compressori RISCHIO
28.14.00,alto,Fabbricazione di altri rubinetti e valvole RISCHIO
28.15.20,alto,Fabbricazione di cuscinetti a sfere RISCHIO
28.21.10,alto,"Fabbricazione di forni, fornaci e bruciatori RISCHIO"
28.21.21,alto,Fabbricazione di caldaie per riscaldamento RISCHIO
28.21.29,alto,Fabbricazione di altri sistemi per riscaldamento RISCHIO
28.22.01,alto,"Fabbricazione di ascensori, montacarichi e scale mobili RISCHIO"
28.22.03,alto,Fabbricazione di carriole RISCHIO
28.22.09,alto,Fabbricazione di altre macchine e apparecchi di sollevamento e movimentazione RISCHIO
28.23.01,alto,Fabbricazione di cartucce toner RISCHIO
28.23.09,alto,Fabbricazione di macchine ed altre attrezzature per ufficio (esclusi computer e RISCHIO
28.24.00,alto,Fabbricazione di utensili portatili a motore RISCHIO
28.29.91,alto,Fabbricazione di apparecchi per depurare e filtrare liquidi e gas per uso non RISCHIO
28.29.92,alto,Fabbricazione di macchine per la pulizia (incluse le lavastoviglie) per uso non RISCHIO
28.29.99,alto,Fabbricazione di altro materiale meccanico e di altre macchine di impiego RISCHIO
28.30.10,alto,Fabbricazione di trattori agricoli RISCHIO
28.30.90,alto,"Fabbricazione di altre macchine per l'agricoltura, la silvicoltura e la zootecnia RISCHIO"
28.49.01,alto,Fabbricazione di macchine per la galvanostegia RISCHIO
28.49.09,alto,Fabbricazione di altre macchine utensili (incluse parti e accessori) nca RISCHIO
28.91.00,alto,Fabbricazione di macchine per la metallurgia (incluse parti e accessori) RISCHIO
28.92.09,alto,"Fabbricazione di altre macchine da miniera, cava e cantiere (incluse parti e RISCHIO"
28.95.00,alto,Fabbricazione di macchine per l'industria della carta e del cartone (incluse parti e RISCHIO
28.99.20,alto,Fabbricazione di robot industriali per usi molteplici (incluse parti e accessori) RISCHIO
28.99.30,alto,Fabbricazione di apparecchi per istituti di bellezza e centri di benessere RISCHIO
28.99.92,alto,"Fabbricazione di giostre, altalene ed altre attrezzature per parchi di divertimento RISCHIO"
29.10.00,alto,Fabbricazione di autoveicoli RISCHIO
29.20.00,alto,"Fabbricazione di carrozzerie per autoveicoli, rimorchi e semirimorchi RISCHIO"
29.31.00,alto,Fabbricazione di apparecchiature elettriche ed elettroniche per autoveicoli e loro RISCHIO
29.32.01,alto,Fabbricazione di sedili per autoveicoli RISCHIO
29.32.09,alto,Fabbricazione di altre parti ed accessori per autoveicoli e loro motori nca RISCHIO
30.11.01,alto,Fabbricazione di sedili per navi RISCHIO
30.11.02,alto,Cantieri navali per costruzioni metalliche e non metalliche (esclusi i sedili per RISCHIO
30.12.00,alto,Costruzione di imbarcazioni da diporto e sportive RISCHIO
30.20.01,alto,"Fabbricazione di sedili per tram, filovie e metropolitane RISCHIO"
30.30.01,alto,Fabbricazione di sedili per aeromobili RISCHIO
30.30.02,alto,Fabbricazione di missili balistici RISCHIO
30.30.09,alto,"Fabbricazione di aeromobili, di veicoli spaziali e dei relativi dispositivi nca RISCHIO"
30.40.00,alto,Fabbricazione di veicoli militari da combattimento RISCHIO
30.91.11,alto,Fabbricazione di motori per motocicli RISCHIO
30.91.12,alto,Fabbricazione di motocicli RISCHIO
30.91.20,alto,Fabbricazione di accessori e pezzi staccati per motocicli e ciclomotori RISCHIO
30.92.10,alto,Fabbricazione e montaggio di biciclette RISCHIO
30.92.20,alto,Fabbricazione di parti ed accessori per biciclette RISCHIO
30.92.30,alto,Fabbricazione di veicoli per invalidi (incluse parti e accessori) RISCHIO
30.92.40,alto,Fabbricazione di carrozzine e passeggini per neonati RISCHIO
30.99.00,alto,Fabbricazione di veicoli a trazione manuale o animale RISCHIO
31.01.10,alto,Fabbricazione di sedie e poltrone per ufficio e negozi RISCHIO
31.01.21,alto,Fabbricazione di altri mobili metallici per ufficio e negozi RISCHIO
31.01.22,alto,Fabbricazione di altri mobili non metallici per ufficio e negozi RISCHIO
31.02.00,alto,Fabbricazione di mobili per cucina RISCHIO
31.03.00,alto,Fabbricazione di materassi RISCHIO
31.09.10,alto,Fabbricazione di mobili per arredo domestico RISCHIO
31.09.30,alto,Fabbricazione di poltrone e divani RISCHIO
31.09.40,alto,Fabbricazione di parti e accessori di mobili RISCHIO
31.09.50,alto,Finitura di mobili RISCHIO
31.09.90,alto,Fabbricazione di altri mobili (inclusi quelli per arredo esterno) RISCHIO
32.11.00,alto,Coniazione di monete RISCHIO
32.12.20,alto,Lavorazione di pietre preziose e semipreziose per gioielleria e per uso industriale RISCHIO
32.13.01,alto,Fabbricazione di cinturini metallici per orologi (esclusi quelli in metalli preziosi) RISCHIO
32.13.09,alto,Fabbricazione di bigiotteria e articoli simili nca RISCHIO
32.20.00,alto,Fabbricazione di strumenti musicali (incluse parti e accessori) RISCHIO
32.30.00,alto,Fabbricazione di articoli sportivi RISCHIO
32.40.10,alto,Fabbricazione di giochi (inclusi i giochi elettronici) RISCHIO
32.40.20,alto,Fabbricazione di giocattoli (inclusi i tricicli e gli strumenti musicali giocattolo) RISCHIO
32.50.11,alto,Fabbricazione di materiale medico-chirurgico e veterinario RISCHIO
32.50.13,alto,"Fabbricazione di mobili per uso medico, chirurgico, odontoiatrico e veterinario RISCHIO"
32.50.14,alto,Fabbricazione di centrifughe per laboratori RISCHIO
32.50.20,alto,Fabbricazione di protesi dentarie (inclusa riparazione) RISCHIO
32.50.30,alto,"Fabbricazione di protesi ortopediche, altre protesi ed ausili (inclusa riparazione) RISCHIO"
32.50.40,alto,Fabbricazione di lenti oftalmiche RISCHIO
32.50.50,alto,Fabbricazione di armature per occhiali di qualsiasi tipo; montatura in serie di RISCHIO
32.91.00,alto,Fabbricazione di scope e spazzole RISCHIO
32.99.11,alto,Fabbricazione di articoli di vestiario ignifughi e protettivi di sicurezza RISCHIO
32.99.12,alto,Fabbricazione di articoli in plastica per la sicurezza personale RISCHIO
32.99.13,alto,Fabbricazione di articoli in metallo per la sicurezza personale RISCHIO
32.99.14,alto,Fabbricazione di maschere antigas RISCHIO
32.99.19,alto,Fabbricazione di altre attrezzature ed altri articoli protettivi di sicurezza RISCHIO
32.99.20,alto,"Fabbricazione di ombrelli, bottoni, chiusure lampo, parrucche e affini RISCHIO"
32.99.30,alto,Fabbricazione di oggetti di cancelleria RISCHIO
32.99.40,alto,Fabbricazione di casse funebri RISCHIO
32.99.90,alto,Fabbricazione di altri articoli nca RISCHIO
33.11.01,alto,"Riparazione e manutenzione di stampi, portastampi, sagome, forme per RISCHIO"
33.11.02,alto,Riparazione e manutenzione di utensileria ad azionamento manuale RISCHIO
33.11.03,alto,"Riparazione e manutenzione di armi, sistemi d'arma e munizioni RISCHIO"
33.11.04,alto,"Riparazione e manutenzione di casseforti, forzieri, porte metalliche blindate RISCHIO"
33.11.05,alto,Riparazione e manutenzione di armi bianche RISCHIO
33.11.06,alto,Riparazione e manutenzione di container RISCHIO
33.11.07,alto,Riparazione e manutenzione di carrelli per la spesa RISCHIO
33.11.09,alto,Riparazione e manutenzione di altri prodotti in metallo RISCHIO
33.12.10,alto,Riparazione e manutenzione di macchine di impiego generale RISCHIO
33.12.20,alto,"Riparazione e manutenzione di forni, fornaci e bruciatori RISCHIO"
33.12.30,alto,Riparazione e manutenzione di macchine e apparecchi di sollevamento e RISCHIO
33.12.40,alto,Riparazione e manutenzione di attrezzature di uso non domestico per la RISCHIO
33.12.51,alto,Riparazione e manutenzione di macchine ed attrezzature per ufficio (esclusi RISCHIO
33.12.52,alto,Riparazione e manutenzione di bilance e macchine automatiche per la vendita e RISCHIO
33.12.53,alto,"Riparazione e manutenzione di macchine per le industrie chimiche, RISCHIO"
33.12.54,alto,"Riparazione e manutenzione di macchine per la dosatura, la confezione e RISCHIO"
33.12.55,alto,Riparazione e manutenzione di estintori (inclusa la ricarica) RISCHIO
33.12.59,alto,Riparazione e manutenzione di altre macchine di impiego generale nca RISCHIO
33.12.60,alto,Riparazione e manutenzione di trattori agricoli RISCHIO
33.12.70,alto,"Riparazione e manutenzione di altre macchine per l'agricoltura, la silvicoltura e la RISCHIO"
33.12.91,alto,Riparazione e manutenzione di parti intercambiabili per macchine utensili RISCHIO
33.12.92,alto,"Riparazione e manutenzione di giostre, altalene, padiglioni da tiro al bersaglio ed RISCHIO"
33.12.99,alto,Riparazione e manutenzione di altre macchine per impieghi speciali nca (incluse le RISCHIO
33.13.01,alto,"Riparazione e manutenzione di apparecchiature ottiche, fotografiche e RISCHIO"
33.13.03,alto,"Riparazione e manutenzione di apparecchi elettromedicali, di materiale medico- RISCHIO"
33.13.04,alto,"Riparazione e manutenzione di apparati di distillazione per laboratori, di RISCHIO"
33.13.09,alto,Riparazione e manutenzione di altre apparecchiature elettroniche (escluse quelle RISCHIO
33.14.00,alto,Riparazione e manutenzione di apparecchiature elettriche (esclusi gli RISCHIO
33.15.00,alto,Riparazione e manutenzione di navi commerciali e imbarcazioni da diporto RISCHIO
33.16.00,alto,Riparazione e manutenzione di aeromobili e di veicoli spaziali RISCHIO
33.17.00,alto,"Riparazione e manutenzione di materiale rotabile ferroviario, tranviario, filoviario RISCHIO"
33.19.01,alto,Riparazioni di pallets e contenitori in legno per trasporto RISCHIO
33.19.02,alto,Riparazione di prodotti in gomma RISCHIO
33.19.03,alto,Riparazione di articoli in vetro RISCHIO
33.19.04,alto,Riparazioni di altri prodotti in legno nca RISCHIO
33.19.09,alto,Riparazione di altre apparecchiature nca RISCHIO
33.20.01,alto,"Installazione di motori, generatori e trasformatori elettrici; di apparecchiature per RISCHIO"
33.20.02,alto,"Installazione di apparecchi elettrici ed elettronici per telecomunicazioni, di RISCHIO"
33.20.03,alto,"Installazione di strumenti ed apparecchi di misurazione, controllo, prova, RISCHIO"
33.20.04,alto,"Installazione di cisterne, serbatoi e contenitori in metallo RISCHIO"
33.20.05,alto,Installazione di generatori di vapore (escluse le caldaie per il riscaldamento RISCHIO
33.20.06,alto,"Installazione di macchine per ufficio, di mainframe e computer simili RISCHIO"
33.20.07,alto,"Installazione di apparecchi medicali, di apparecchi e strumenti per odontoiatria RISCHIO"
33.20.08,alto,Installazione di apparecchi elettromedicali RISCHIO
33.20.09,alto,Installazione di altre macchine ed apparecchiature industriali RISCHIO
35.11.00,alto,Produzione di energia elettrica RISCHIO
35.12.00,alto,Trasmissione di energia elettrica RISCHIO
35.13.00,alto,Distribuzione di energia elettrica RISCHIO
35.14.00,alto,Commercio di energia elettrica RISCHIO
35.21.00,alto,Produzione di gas RISCHIO
35.22.00,alto,Distribuzione di combustibili gassosi mediante condotte RISCHIO
35.23.00,alto,Commercio di gas distribuito mediante condotte RISCHIO
35.30.00,alto,Fornitura di vapore e aria condizionata RISCHIO
36.00.00,alto,"Raccolta, trattamento e fornitura di acqua RISCHIO"
37.00.00,alto,Raccolta e depurazione delle acque di scarico RISCHIO
38.11.00,alto,Raccolta di rifiuti solidi non pericolosi RISCHIO
38.12.00,alto,Raccolta di rifiuti pericolosi solidi e non solidi RISCHIO
38.21.01,alto,Produzione di compost RISCHIO
38.21.09,alto,Trattamento e smaltimento di altri rifiuti non pericolosi RISCHIO
38.22.00,alto,Trattamento e smaltimento di rifiuti pericolosi RISCHIO
38.31.10,alto,Demolizione di carcasse RISCHIO
38.31.20,alto,Cantieri di demolizione navali RISCHIO
38.32.10,alto,Recupero e preparazione per il riciclaggio di cascami e rottami metallici RISCHIO
39.00.01,alto,Attività di rimozione di strutture ed elementi in amianto specializzata per l'edilizia RISCHIO
39.00.09,alto,Altre attività di risanamento e altri servizi di gestione dei rifiuti RISCHIO
41.10.00,alto,Sviluppo di progetti immobiliari senza costruzione RISCHIO
41.20.00,alto,Costruzione di edifici residenziali e non residenziali RISCHIO
42.11.00,alto,"Costruzione di strade, autostrade e piste aeroportuali RISCHIO"
42.12.00,alto,Costruzione di linee ferroviarie e metropolitane RISCHIO
42.13.00,alto,Costruzione di ponti e gallerie RISCHIO
42.21.00,alto,Costruzione di opere di pubblica utilità per il trasporto di fluidi RISCHIO
42.22.00,alto,Costruzione di opere di pubblica utilità per l'energia elettrica e le RISCHIO
42.91.00,alto,Costruzione di opere idrauliche RISCHIO
42.99.01,alto,Lottizzazione dei terreni connessa con l'urbanizzazione RISCHIO
42.99.09,alto,Altre attività di costruzione di altre opere di ingegneria civile nca RISCHIO
43.11.00,alto,Demolizione RISCHIO
43.12.00,alto,Preparazione del cantiere edile e sistemazione del terreno RISCHIO
43.13.00,alto,Trivellazioni e perforazioni RISCHIO
43.21.02,alto,Installazione di impianti elettronici (inclusa manutenzione e riparazione) RISCHIO
43.22.02,alto,Installazione di impianti per la distribuzione del gas (inclusa manutenzione e RISCHIO
43.22.04,alto,Installazione di impianti di depurazione per piscine (inclusa manutenzione e RISCHIO
43.22.05,alto,Installazione di impianti di irrigazione per giardini (inclusa manutenzione e RISCHIO
43.29.01,alto,"Installazione, riparazione e manutenzione di ascensori e scale mobili RISCHIO"
43.29.02,alto,"Lavori di isolamento termico, acustico o antivibrazioni RISCHIO"
43.29.09,alto,Altri lavori di costruzione e installazione nca RISCHIO
43.31.00,alto,Intonacatura e stuccatura RISCHIO
43.32.01,alto,"Posa in opera di casseforti, forzieri, porte blindate RISCHIO"
43.32.02,alto,"Posa in opera di infissi, arredi, controsoffitti, pareti mobili e simili RISCHIO"
43.33.00,alto,Rivestimento di pavimenti e di muri RISCHIO
43.34.00,alto,Tinteggiatura e posa in opera di vetri RISCHIO
43.39.01,alto,Attività non specializzate di lavori edili (muratori) RISCHIO
43.39.09,alto,Altri lavori di completamento e di finitura degli edifici nca RISCHIO
43.91.00,alto,Realizzazione di coperture RISCHIO
43.99.01,alto,"Pulizia a vapore, sabbiatura e attività simili per pareti esterne di edifici RISCHIO"
43.99.02,alto,Noleggio di gru ed altre attrezzature con operatore per la costruzione o la RISCHIO
43.99.09,alto,Altre attività di lavori specializzati di costruzione nca RISCHIO
45.11.01,basso,Commercio all'ingrosso e al dettaglio di autovetture e di autoveicoli leggeri RISCHIO
45.19.01,basso,Commercio all'ingrosso e al dettaglio di altri autoveicoli RISCHIO
45.19.02,basso,Intermediari del commercio di altri autoveicoli (incluse le agenzie di RISCHIO
45.20.10,basso,Riparazioni meccaniche di autoveicoli RISCHIO
45.20.20,basso,Riparazione di carrozzerie di autoveicoli RISCHIO
45.20.30,basso,Riparazione di impianti elettrici e di alimentazione per autoveicoli RISCHIO
45.20.40,basso,Riparazione e sostituzione di pneumatici per autoveicoli RISCHIO
45.20.91,basso,Lavaggio auto RISCHIO
45.20.99,basso,Altre attività di manutenzione e di riparazione di autoveicoli RISCHIO
45.31.01,basso,Commercio all'ingrosso di parti e accessori di autoveicoli RISCHIO
45.31.02,basso,Intermediari del commercio di parti ed accessori di autoveicoli RISCHIO
45.32.00,basso,Commercio al dettaglio di parti e accessori di autoveicoli RISCHIO
45.40.11,basso,Commercio all'ingrosso e al dettaglio di motocicli e ciclomotori RISCHIO
45.40.12,basso,Intermediari del commercio di motocicli e ciclomotori RISCHIO
45.40.21,basso,Commercio all'ingrosso e al dettaglio di parti e accessori per motocicli e RISCHIO
45.40.22,basso,Intermediari del commercio di parti ed accessori di motocicli e ciclomotori RISCHIO
45.40.30,basso,Manutenzione e riparazione di motocicli e ciclomotori (inclusi i pneumatici) RISCHIO
46.11.01,basso,Agenti e rappresentanti di materie prime agricole RISCHIO
46.11.02,basso,Agenti e rappresentanti di fiori e piante RISCHIO
46.11.03,basso,Agenti e rappresentanti di animali vivi RISCHIO
46.11.04,basso,Agenti e rappresentanti di fibre tessili gregge e semilavorate; pelli grezze RISCHIO
46.11.06,basso,"Mediatori in materie prime agricole, materie prime e semilavorati tessili; pelli RISCHIO"
46.11.07,basso,Mediatori in animali vivi RISCHIO
46.12.01,basso,"Agenti e rappresentanti di carburanti, gpl, gas in bombole e simili; lubrificanti RISCHIO"
46.12.02,basso,Agenti e rappresentanti di combustibili solidi RISCHIO
46.12.03,basso,"Agenti e rappresentanti di minerali, metalli e prodotti semilavorati RISCHIO"
46.12.04,basso,Agenti e rappresentanti di prodotti chimici per l'industria RISCHIO
46.12.05,basso,Agenti e rappresentanti di prodotti chimici per l'agricoltura (inclusi i fertilizzanti) RISCHIO
46.12.06,basso,"Procacciatori d'affari di combustibili, minerali, metalli e prodotti chimici RISCHIO"
46.12.07,basso,"Mediatori in combustibili, minerali, metalli e prodotti chimici RISCHIO"
46.13.01,basso,"Agenti e rappresentanti di legname, semilavorati in legno e legno artificiale RISCHIO"
46.13.04,basso,Procacciatori d'affari di legname e materiali da costruzione RISCHIO
46.13.05,basso,Mediatori in legname e materiali da costruzione RISCHIO
46.14.02,basso,Agenti e rappresentanti di macchine per costruzioni edili e stradali RISCHIO
46.14.04,basso,Agenti e rappresentanti di macchine ed attrezzature per uso agricolo (inclusi i RISCHIO
46.15.01,basso,"Agenti e rappresentanti di mobili in legno, metallo e materie plastiche RISCHIO"
46.15.02,basso,Agenti e rappresentanti di articoli di ferramenta e di bricolage RISCHIO
46.15.03,basso,"Agenti e rappresentanti di articoli casalinghi, porcellane, articoli in vetro eccetera RISCHIO"
46.15.04,basso,"Agenti e rappresentanti di vernici, carte da parati, stucchi e cornici decorativi RISCHIO"
46.15.06,basso,"Procacciatori d'affari di mobili, articoli per la casa e ferramenta RISCHIO"
46.15.07,basso,"Mediatori in mobili, articoli per la casa e ferramenta RISCHIO"
46.16.01,basso,Agenti e rappresentanti di vestiario ed accessori di abbigliamento RISCHIO
46.16.02,basso,Agenti e rappresentanti di pellicce RISCHIO
46.16.04,basso,"Agenti e rappresentanti di camicie, biancheria e maglieria intima RISCHIO"
46.16.05,basso,Agenti e rappresentanti di calzature ed accessori RISCHIO
46.16.06,basso,"Agenti e rappresentanti di pelletteria, valige ed articoli da viaggio RISCHIO"
46.16.07,basso,"Agenti e rappresentanti di articoli tessili per la casa, tappeti, stuoie e materassi RISCHIO"
46.16.08,basso,"Procacciatori d'affari di prodotti tessili, abbigliamento, pellicce, calzature e RISCHIO"
46.16.09,basso,"Mediatori in prodotti tessili, abbigliamento, pellicce, calzature e articoli in pelle RISCHIO"
46.17.01,basso,"Agenti e rappresentanti di prodotti ortofrutticoli freschi, congelati e surgelati RISCHIO"
46.17.02,basso,"Agenti e rappresentanti di carni fresche, congelate, surgelate, conservate e RISCHIO"
46.17.03,basso,"Agenti e rappresentanti di latte, burro e formaggi RISCHIO"
46.17.05,basso,Agenti e rappresentanti di bevande e prodotti similari RISCHIO
46.17.06,basso,"Agenti e rappresentanti di prodotti ittici freschi, congelati, surgelati e conservati e RISCHIO"
46.17.08,basso,"Procacciatori d'affari di prodotti alimentari, bevande e tabacco RISCHIO"
46.17.09,basso,"Mediatori in prodotti alimentari, bevande e tabacco RISCHIO"
46.18.12,basso,Agenti e rappresentanti di libri e altre pubblicazioni (incluso i relativi RISCHIO
46.18.13,basso,"Procacciatori d'affari di prodotti di carta, cancelleria, libri RISCHIO"
46.18.14,basso,"Mediatori in prodotti di carta, cancelleria, libri RISCHIO"
46.18.22,basso,Agenti e rappresentanti di apparecchi elettrodomestici RISCHIO
46.18.31,basso,Agenti e rappresentanti di prodotti farmaceutici; prodotti di erboristeria per uso RISCHIO
46.18.34,basso,Procacciatori d'affari di prodotti farmaceutici e di cosmetici RISCHIO
46.18.35,basso,Mediatori in prodotti farmaceutici e cosmetici RISCHIO
46.18.91,basso,Agenti e rappresentanti di attrezzature sportive; biciclette RISCHIO
46.18.92,basso,"Agenti e rappresentanti di orologi, oggetti e semilavorati per gioielleria e RISCHIO"
46.18.94,basso,"Agenti e rappresentanti di saponi, detersivi, candele e prodotti simili RISCHIO"
46.18.95,basso,Agenti e rappresentanti di giocattoli RISCHIO
46.18.96,basso,Agenti e rappresentanti di chincaglieria e bigiotteria RISCHIO
46.18.98,basso,"Procacciatori d'affari di attrezzature sportive, biciclette e altri prodotti nca RISCHIO"
46.18.99,basso,"Mediatori in attrezzature sportive, biciclette e altri prodotti nca RISCHIO"
46.19.01,basso,Agenti e rappresentanti di vari prodotti senza prevalenza di alcuno RISCHIO
46.19.02,basso,Procacciatori d'affari di vari prodotti senza prevalenza di alcuno RISCHIO
46.19.03,basso,Mediatori in vari prodotti senza prevalenza di alcuno RISCHIO
46.19.04,basso,Gruppi di acquisto; mandatari agli acquisti; buyer RISCHIO
46.21.10,basso,Commercio all'ingrosso di cereali e legumi secchi RISCHIO
46.21.21,basso,Commercio all'ingrosso di tabacco grezzo RISCHIO
46.22.00,basso,Commercio all'ingrosso di fiori e piante RISCHIO
46.23.00,basso,Commercio all'ingrosso di animali vivi RISCHIO
46.24.10,basso,Commercio all'ingrosso di cuoio e pelli gregge e lavorate (escluse le pelli per RISCHIO
46.24.20,basso,Commercio all'ingrosso di pelli gregge e lavorate per pellicceria RISCHIO
46.31.10,basso,Commercio all'ingrosso di frutta e ortaggi freschi RISCHIO
46.31.20,basso,Commercio all'ingrosso di frutta e ortaggi conservati RISCHIO
46.32.10,basso,"Commercio all'ingrosso di carne fresca, congelata e surgelata RISCHIO"
46.32.20,basso,Commercio all'ingrosso di prodotti di salumeria RISCHIO
46.33.10,basso,Commercio all'ingrosso di prodotti lattiero-caseari e di uova RISCHIO
46.33.20,basso,Commercio all'ingrosso di oli e grassi alimentari di origine vegetale o animale RISCHIO
46.34.10,basso,Commercio all'ingrosso di bevande alcoliche RISCHIO
46.34.20,basso,Commercio all'ingrosso di bevande non alcoliche RISCHIO
46.35.00,basso,Commercio all'ingrosso di prodotti del tabacco RISCHIO
46.36.00,basso,"Commercio all'ingrosso di zucchero, cioccolato, dolciumi e prodotti da forno RISCHIO"
46.37.01,basso,Commercio all'ingrosso di caffè RISCHIO
46.37.02,basso,"Commercio all'ingrosso di tè, cacao e spezie RISCHIO"
46.38.10,basso,Commercio all'ingrosso di prodotti della pesca freschi RISCHIO
46.38.20,basso,"Commercio all'ingrosso di prodotti della pesca congelati, surgelati, conservati, RISCHIO"
46.38.30,basso,Commercio all'ingrosso di pasti e piatti pronti RISCHIO
46.38.90,basso,Commercio all'ingrosso di altri prodotti alimentari RISCHIO
46.39.10,basso,Commercio all'ingrosso non specializzato di prodotti surgelati RISCHIO
46.39.20,basso,"Commercio all'ingrosso non specializzato di altri prodotti alimentari, bevande e RISCHIO"
46.41.10,basso,Commercio all'ingrosso di tessuti RISCHIO
46.41.20,basso,"Commercio all'ingrosso di articoli di merceria, filati e passamaneria RISCHIO"
46.41.90,basso,Commercio all'ingrosso di altri articoli tessili RISCHIO
46.42.10,basso,Commercio all'ingrosso di abbigliamento e accessori RISCHIO
46.42.20,basso,Commercio all'ingrosso di articoli in pelliccia RISCHIO
46.42.30,basso,"Commercio all'ingrosso di camicie, biancheria intima, maglieria e simili RISCHIO"
46.42.40,basso,Commercio all'ingrosso di calzature e accessori RISCHIO
46.43.10,basso,"Commercio all'ingrosso di elettrodomestici, di elettronica di consumo audio e RISCHIO"
46.43.20,basso,"Commercio all'ingrosso di supporti registrati, audio, video (Cd, Dvd e altri RISCHIO"
46.43.30,basso,"Commercio all'ingrosso di articoli per fotografia, cinematografia e ottica RISCHIO"
46.44.10,basso,Commercio all'ingrosso di vetreria e cristalleria RISCHIO
46.44.20,basso,Commercio all'ingrosso di ceramiche e porcellana RISCHIO
46.44.30,basso,"Commercio all'ingrosso di saponi, detersivi e altri prodotti per la pulizia RISCHIO"
46.44.40,basso,"Commercio all'ingrosso di coltelleria, posateria e pentolame RISCHIO"
46.45.00,basso,Commercio all'ingrosso di profumi e cosmetici RISCHIO
46.46.10,basso,Commercio all'ingrosso di medicinali RISCHIO
46.46.20,basso,Commercio all'ingrosso di prodotti botanici per uso farmaceutico RISCHIO
46.46.30,basso,Commercio all'ingrosso di articoli medicali ed ortopedici RISCHIO
46.47.10,basso,Commercio all'ingrosso di mobili di qualsiasi materiale RISCHIO
46.47.20,basso,Commercio all'ingrosso di tappeti RISCHIO
46.48.00,basso,Commercio all'ingrosso di orologi e di gioielleria RISCHIO
46.49.10,basso,"Commercio all'ingrosso di carta, cartone e articoli di cartoleria RISCHIO"
46.49.20,basso,"Commercio all'ingrosso di libri, riviste e giornali RISCHIO"
46.49.30,basso,Commercio all'ingrosso di giochi e giocattoli RISCHIO
46.49.40,basso,Commercio all'ingrosso di articoli sportivi (incluse le biciclette) RISCHIO
46.49.50,basso,Commercio all'ingrosso di articoli in pelle; articoli da viaggio in qualsiasi materiale RISCHIO
46.49.90,basso,Commercio all'ingrosso di vari prodotti di consumo non alimentare nca RISCHIO
46.51.00,basso,"Commercio all'ingrosso di computer, apparecchiature informatiche periferiche e RISCHIO"
46.52.01,basso,Commercio all'ingrosso di apparecchi e materiali telefonici RISCHIO
46.52.02,basso,Commercio all'ingrosso di nastri non registrati RISCHIO
46.61.00,basso,"Commercio all'ingrosso di macchine, accessori e utensili agricoli, inclusi i trattori RISCHIO"
46.62.00,basso,Commercio all'ingrosso di macchine utensili (incluse le relative parti RISCHIO
46.63.00,basso,"Commercio all'ingrosso di macchine per le miniere, l'edilizia e l'ingegneria civile RISCHIO"
46.65.00,basso,Commercio all'ingrosso di mobili per ufficio e negozi RISCHIO
46.66.00,basso,Commercio all'ingrosso di altre macchine e attrezzature per ufficio RISCHIO
46.69.11,basso,Commercio all'ingrosso di imbarcazioni da diporto RISCHIO
46.69.19,basso,Commercio all'ingrosso di altri mezzi ed attrezzature di trasporto RISCHIO
46.69.20,basso,Commercio all'ingrosso di materiale elettrico per impianti di uso industriale RISCHIO
46.69.91,basso,Commercio all'ingrosso di strumenti e attrezzature di misurazione per uso RISCHIO
46.69.92,basso,Commercio all'ingrosso di strumenti e attrezzature di misurazione per uso non RISCHIO
46.69.93,basso,Commercio all'ingrosso di giochi per luna-park e videogiochi per pubblici esercizi RISCHIO
46.69.94,basso,Commercio all'ingrosso di articoli antincendio e antinfortunistici RISCHIO
46.72.10,basso,"Commercio all'ingrosso di minerali metalliferi, di metalli ferrosi e prodotti RISCHIO"
46.72.20,basso,Commercio all'ingrosso di metalli non ferrosi e prodotti semilavorati RISCHIO
46.73.10,basso,"Commercio all'ingrosso di legname, semilavorati in legno e legno artificiale RISCHIO"
46.73.21,basso,Commercio all'ingrosso di moquette e linoleum RISCHIO
46.73.23,basso,Commercio all'ingrosso di infissi RISCHIO
46.73.29,basso,Commercio all'ingrosso di altri materiali da costruzione RISCHIO
46.73.30,basso,Commercio all'ingrosso di vetro piano RISCHIO
46.73.40,basso,"Commercio all'ingrosso di carta da parati, colori e vernici RISCHIO"
46.74.10,basso,Commercio all'ingrosso di articoli in ferro e in altri metalli (ferramenta) RISCHIO
46.75.01,basso,Commercio all'ingrosso di fertilizzanti e di altri prodotti chimici per l'agricoltura RISCHIO
46.75.02,basso,Commercio all'ingrosso di prodotti chimici per l'industria RISCHIO
46.76.10,basso,Commercio all'ingrosso di fibre tessili gregge e semilavorate RISCHIO
46.76.30,basso,Commercio all'ingrosso di imballaggi RISCHIO
46.76.90,basso,Commercio all'ingrosso di altri prodotti intermedi nca RISCHIO
46.77.10,basso,Commercio all'ingrosso di rottami e sottoprodotti della lavorazione industriale RISCHIO
46.90.00,basso,Commercio all'ingrosso non specializzato RISCHIO
47.11.10,basso,Ipermercati RISCHIO
47.11.20,basso,Supermercati RISCHIO
47.11.30,basso,Discount di alimentari RISCHIO
47.11.40,basso,Minimercati ed altri esercizi non specializzati di alimentari vari RISCHIO
47.11.50,basso,Commercio al dettaglio di prodotti surgelati RISCHIO
47.19.10,basso,Grandi magazzini RISCHIO
47.19.90,basso,Empori ed altri negozi non specializzati di vari prodotti non alimentari RISCHIO
47.21.01,basso,Commercio al dettaglio di frutta e verdura fresca RISCHIO
47.21.02,basso,Commercio al dettaglio di frutta e verdura preparata e conservata RISCHIO
47.22.00,basso,Commercio al dettaglio di carni e di prodotti a base di carne RISCHIO
47.23.00,basso,"Commercio al dettaglio di pesci, crostacei e molluschi RISCHIO"
47.24.10,basso,Commercio al dettaglio di pane RISCHIO
47.24.20,basso,"Commercio al dettaglio di torte, dolciumi, confetteria RISCHIO"
47.25.00,basso,Commercio al dettaglio di bevande RISCHIO
47.26.00,basso,Commercio al dettaglio di generi di monopolio (tabaccherie) RISCHIO
47.29.10,basso,Commercio al dettaglio di latte e di prodotti lattiero-caseari RISCHIO
47.29.20,basso,Commercio al dettaglio di caffè torrefatto RISCHIO
47.29.30,basso,Commercio al dettaglio di prodotti macrobiotici e dietetici RISCHIO
47.29.90,basso,Commercio al dettaglio di altri prodotti alimentari in esercizi specializzati nca RISCHIO
47.30.00,basso,Commercio al dettaglio di carburante per autotrazione RISCHIO
47.43.00,basso,Commercio al dettaglio di apparecchi audio e video in esercizi specializzati RISCHIO
47.51.20,basso,Commercio al dettaglio di filati per maglieria e merceria RISCHIO
47.52.20,basso,Commercio al dettaglio di articoli igienico-sanitari RISCHIO
47.52.30,basso,"Commercio al dettaglio di materiali da costruzione, ceramiche e piastrelle RISCHIO"
47.53.11,basso,Commercio al dettaglio di tende e tendine RISCHIO
47.53.12,basso,Commercio al dettaglio di tappeti RISCHIO
47.54.00,basso,Commercio al dettaglio di elettrodomestici in esercizi specializzati RISCHIO
47.59.10,basso,Commercio al dettaglio di mobili per la casa RISCHIO
47.59.20,basso,"Commercio al dettaglio di utensili per la casa, di cristallerie e vasellame RISCHIO"
47.59.30,basso,Commercio al dettaglio di articoli per l'illuminazione RISCHIO
47.59.40,basso,Commercio al dettaglio di macchine per cucire e per maglieria per uso domestico RISCHIO
47.59.50,basso,Commercio al dettaglio di sistemi di sicurezza RISCHIO
47.59.60,basso,Commercio al dettaglio di strumenti musicali e spartiti RISCHIO
47.59.99,basso,Commercio al dettaglio di altri articoli per uso domestico nca RISCHIO
47.61.00,basso,Commercio al dettaglio di libri nuovi in esercizi specializzati RISCHIO
47.62.10,basso,"Commercio al dettaglio di giornali, riviste e periodici RISCHIO"
47.62.20,basso,Commercio al dettaglio di articoli di cartoleria e forniture per ufficio RISCHIO
47.63.00,basso,Commercio al dettaglio di registrazioni musicali e video in esercizi specializzati RISCHIO
47.64.10,basso,"Commercio al dettaglio di articoli sportivi, biciclette e articoli per il tempo libero RISCHIO"
47.64.20,basso,Commercio al dettaglio di natanti e accessori RISCHIO
47.65.00,basso,Commercio al dettaglio di giochi e giocattoli (inclusi quelli elettronici) RISCHIO
47.71.10,basso,Commercio al dettaglio di confezioni per adulti RISCHIO
47.71.20,basso,Commercio al dettaglio di confezioni per bambini e neonati RISCHIO
47.71.30,basso,"Commercio al dettaglio di biancheria personale, maglieria, camicie RISCHIO"
47.71.40,basso,Commercio al dettaglio di pellicce e di abbigliamento in pelle RISCHIO
47.71.50,basso,"Commercio al dettaglio di cappelli, ombrelli, guanti e cravatte RISCHIO"
47.72.10,basso,Commercio al dettaglio di calzature e accessori RISCHIO
47.72.20,basso,Commercio al dettaglio di articoli di pelletteria e da viaggio RISCHIO
47.73.10,basso,Farmacie RISCHIO
47.74.00,basso,Commercio al dettaglio di articoli medicali e ortopedici in esercizi specializzati RISCHIO
47.75.10,basso,"Commercio al dettaglio di articoli di profumeria, prodotti per toletta e per l'igiene RISCHIO"
47.75.20,basso,Erboristerie RISCHIO
47.76.10,basso,Commercio al dettaglio di fiori e piante RISCHIO
47.76.20,basso,Commercio al dettaglio di piccoli animali domestici RISCHIO
47.77.00,basso,"Commercio al dettaglio di orologi, articoli di gioielleria e argenteria RISCHIO"
47.78.10,basso,Commercio al dettaglio di mobili per ufficio RISCHIO
47.78.20,basso,Commercio al dettaglio di materiale per ottica e fotografia RISCHIO
47.78.31,basso,Commercio al dettaglio di oggetti d'arte (incluse le gallerie d'arte) RISCHIO
47.78.32,basso,Commercio al dettaglio di oggetti d'artigianato RISCHIO
47.78.33,basso,Commercio al dettaglio di arredi sacri ed articoli religiosi RISCHIO
47.78.34,basso,Commercio al dettaglio di articoli da regalo e per fumatori RISCHIO
47.78.35,basso,Commercio al dettaglio di bomboniere RISCHIO
47.78.37,basso,Commercio al dettaglio di articoli per le belle arti RISCHIO
47.78.40,basso,Commercio al dettaglio di combustibile per uso domestico e per riscaldamento RISCHIO
47.78.50,basso,"Commercio al dettaglio di armi e munizioni, articoli militari RISCHIO"
47.78.60,basso,"Commercio al dettaglio di saponi, detersivi, prodotti per la lucidatura e affini RISCHIO"
47.78.91,basso,"Commercio al dettaglio di filatelia, numismatica e articoli da collezionismo RISCHIO"
47.78.93,basso,Commercio al dettaglio di articoli funerari e cimiteriali RISCHIO
47.78.94,basso,Commercio al dettaglio di articoli per adulti (sexy shop) RISCHIO
47.78.99,basso,Commercio al dettaglio di altri prodotti non alimentari nca RISCHIO
47.79.10,basso,Commercio al dettaglio di libri di seconda mano RISCHIO
47.79.20,basso,Commercio al dettaglio di mobili usati e oggetti di antiquariato RISCHIO
47.79.30,basso,Commercio al dettaglio di indumenti e altri oggetti usati RISCHIO
47.79.40,basso,Case d'asta al dettaglio (escluse aste via internet) RISCHIO
47.81.01,basso,Commercio al dettaglio ambulante di prodotti ortofrutticoli RISCHIO
47.81.02,basso,Commercio al dettaglio ambulante di prodotti ittici RISCHIO
47.81.03,basso,Commercio al dettaglio ambulante di carne RISCHIO
47.81.09,basso,Commercio al dettaglio ambulante di altri prodotti alimentari e bevande nca RISCHIO
47.82.02,basso,Commercio al dettaglio ambulante di calzature e pelletterie RISCHIO
47.89.01,basso,"Commercio al dettaglio ambulante di fiori, piante, bulbi, semi e fertilizzanti RISCHIO"
47.89.04,basso,Commercio al dettaglio ambulante di chincaglieria e bigiotteria RISCHIO
47.89.09,basso,Commercio al dettaglio ambulante di altri prodotti nca RISCHIO
47.91.20,basso,Commercio al dettaglio di qualsiasi tipo di prodotto effettuato per televisione RISCHIO
47.91.30,basso,"Commercio al dettaglio di qualsiasi tipo di prodotto per corrispondenza, radio, RISCHIO"
47.99.20,basso,Commercio effettuato per mezzo di distributori automatici RISCHIO
49.10.00,medio,Trasporto ferroviario di passeggeri (interurbano) RISCHIO
49.20.00,medio,Trasporto ferroviario di merci RISCHIO
49.31.00,medio,Trasporto terrestre di passeggeri in aree urbane e suburbane RISCHIO
49.32.10,medio,Trasporto con taxi RISCHIO
49.32.20,medio,Trasporto mediante noleggio di autovetture da rimessa con conducente RISCHIO
49.39.09,medio,Altre attività di trasporti terrestri di passeggeri nca RISCHIO
49.41.00,medio,Trasporto di merci su strada RISCHIO
49.42.00,medio,Servizi di trasloco RISCHIO
49.50.10,medio,Trasporto mediante condotte di gas RISCHIO
49.50.20,medio,Trasporto mediante condotte di liquidi RISCHIO
50.10.00,medio,Trasporto marittimo e costiero di passeggeri RISCHIO
50.20.00,medio,Trasporto marittimo e costiero di merci RISCHIO
50.30.00,medio,Trasporto di passeggeri per vie d'acqua interne (inclusi i trasporti lagunari) RISCHIO
50.40.00,medio,Trasporto di merci per vie d'acqua interne RISCHIO
51.10.10,medio,Trasporto aereo di linea di passeggeri RISCHIO
51.10.20,medio,Trasporto aereo non di linea di passeggeri; voli charter RISCHIO
51.21.00,medio,Trasporto aereo di merci RISCHIO
51.22.00,medio,Trasporto spaziale RISCHIO
52.10.10,medio,Magazzini di custodia e deposito per conto terzi RISCHIO
52.10.20,medio,Magazzini frigoriferi per conto terzi RISCHIO
52.21.10,medio,Gestione di infrastrutture ferroviarie RISCHIO
52.21.20,medio,"Gestione di strade, ponti, gallerie RISCHIO"
52.21.30,medio,Gestione di stazioni per autobus RISCHIO
52.21.40,medio,Gestione di centri di movimentazione merci (interporti) RISCHIO
52.21.50,medio,Gestione di parcheggi e autorimesse RISCHIO
52.21.60,medio,Attività di traino e soccorso stradale RISCHIO
52.21.90,medio,Altre attività connesse ai trasporti terrestri nca RISCHIO
52.22.09,medio,Altre attività dei servizi connessi al trasporto marittimo e per vie d'acqua RISCHIO
52.23.00,medio,Attività dei servizi connessi al trasporto aereo RISCHIO
52.24.10,medio,Movimento merci relativo a trasporti aerei RISCHIO
52.24.20,medio,Movimento merci relativo a trasporti marittimi e fluviali RISCHIO
52.24.30,medio,Movimento merci relativo a trasporti ferroviari RISCHIO
52.24.40,medio,Movimento merci relativo ad altri trasporti terrestri RISCHIO
52.29.10,medio,Spedizionieri e agenzie di operazioni doganali RISCHIO
52.29.21,medio,Intermediari dei trasporti RISCHIO
52.29.22,medio,Servizi logistici relativi alla distribuzione delle merci RISCHIO
53.10.00,medio,Attività postali con obbligo di servizio universale RISCHIO
53.20.00,medio,Altre attività postali e di corriere senza obbligo di servizio universale RISCHIO
55.10.00,basso,Alberghi RISCHIO
55.20.10,basso,Villaggi turistici RISCHIO
55.20.20,basso,Ostelli della gioventù RISCHIO
55.20.30,basso,Rifugi di montagna RISCHIO
55.20.40,basso,Colonie marine e montane RISCHIO
55.20.52,basso,Attività di alloggio connesse alle aziende agricole RISCHIO
55.30.00,basso,Aree di campeggio e aree attrezzate per camper e roulotte RISCHIO
55.90.10,basso,Gestione di vagoni letto RISCHIO
55.90.20,basso,Alloggi per studenti e lavoratori con servizi accessori di tipo alberghiero RISCHIO
56.10.11,basso,Ristorazione con somministrazione RISCHIO
56.10.12,basso,Attività di ristorazione connesse alle aziende agricole RISCHIO
56.10.20,basso,Ristorazione senza somministrazione con preparazione di cibi da asporto RISCHIO
56.10.30,basso,Gelaterie e pasticcerie RISCHIO
56.10.41,basso,Gelaterie e pasticcerie ambulanti RISCHIO
56.10.42,basso,Ristorazione ambulante RISCHIO
56.10.50,basso,Ristorazione su treni e navi RISCHIO
56.21.00,basso,"Catering per eventi, banqueting RISCHIO"
56.29.10,basso,Mense RISCHIO
56.29.20,basso,Catering continuativo su base contrattuale RISCHIO
56.30.00,basso,Bar e altri esercizi simili senza cucina RISCHIO
58.11.00,basso,Edizione di libri RISCHIO
58.12.01,basso,Pubblicazione di elenchi RISCHIO
58.12.02,basso,Pubblicazione di mailing list RISCHIO
58.13.00,basso,Edizione di quotidiani RISCHIO
58.14.00,basso,Edizione di riviste e periodici RISCHIO
58.19.00,basso,Altre attività editoriali RISCHIO
58.21.00,basso,Edizione di giochi per computer RISCHIO
58.29.00,basso,Edizione di altri software a pacchetto (esclusi giochi per computer) RISCHIO
59.11.00,basso,"Attività di produzione cinematografica, di video e di programmi televisivi RISCHIO"
59.12.00,basso,"Attività di post-produzione cinematografica, di video e di programmi televisivi RISCHIO"
59.13.00,basso,"Attività di distribuzione cinematografica, di video e di programmi televisivi RISCHIO"
59.14.00,basso,Attività di proiezione cinematografica RISCHIO
59.20.10,basso,Edizione di registrazioni sonore RISCHIO
59.20.20,basso,Edizione di musica stampata RISCHIO
59.20.30,basso,Studi di registrazione sonora RISCHIO
60.10.00,basso,Trasmissioni radiofoniche RISCHIO
60.20.00,basso,Programmazione e trasmissioni televisive RISCHIO
61.10.00,basso,Telecomunicazioni fisse RISCHIO
61.20.00,basso,Telecomunicazioni mobili RISCHIO
61.30.00,basso,Telecomunicazioni satellitari RISCHIO
61.90.10,basso,Erogazione di servizi di accesso ad internet (ISP) RISCHIO
61.90.20,basso,Posto telefonico pubblico ed Internet Point RISCHIO
61.90.91,basso,Intermediazione in servizi di telecomunicazione e trasmissione dati RISCHIO
61.90.99,basso,Altre attività connesse alle telecomunicazioni nca RISCHIO
62.01.00,basso,Produzione di software non connesso all'edizione RISCHIO
62.02.00,basso,Consulenza nel settore delle tecnologie dell'informatica RISCHIO
62.09.01,basso,Configurazione di personal computer RISCHIO
62.09.09,basso,Altre attività dei servizi connessi alle tecnologie dell'informatica nca RISCHIO
63.11.11,basso,Elaborazione elettronica di dati contabili (esclusi i Centri di assistenza fiscale - Caf) RISCHIO
63.11.19,basso,Altre elaborazioni elettroniche di dati RISCHIO
63.11.20,basso,Gestione database (attività delle banche dati) RISCHIO
63.11.30,basso,Hosting e fornitura di servizi applicativi (ASP) RISCHIO
63.12.00,basso,Portali web RISCHIO
63.91.00,basso,Attività delle agenzie di stampa RISCHIO
63.99.00,basso,Altre attività dei servizi di informazione nca RISCHIO
64.11.00,basso,Attività della Banca Centrale RISCHIO
64.19.10,basso,Intermediazione monetaria di istituti monetari diverse dalle Banche centrali RISCHIO
64.19.20,basso,Fondi comuni di investimento monetario RISCHIO
64.19.30,basso,Istituti di moneta elettronica (Imel) RISCHIO
64.19.40,basso,Cassa Depositi e Prestiti RISCHIO
64.20.00,basso,Attività delle società di partecipazione (holding) RISCHIO
64.30.10,basso,"Fondi comuni di investimento (aperti e chiusi, immobiliari, di mercato mobiliare) RISCHIO"
64.30.20,basso,Sicav (Società di investimento a capitale variabile) RISCHIO
64.91.00,basso,Leasing finanziario RISCHIO
64.92.01,basso,Attività dei consorzi di garanzia collettiva fidi RISCHIO
64.92.09,basso,Altre attività creditizie nca RISCHIO
64.99.10,basso,Attività di intermediazione mobiliare RISCHIO
64.99.20,basso,Attività di factoring RISCHIO
64.99.30,basso,Attività di merchant bank RISCHIO
64.99.40,basso,Attività delle società veicolo RISCHIO
64.99.50,basso,Attività di intermediazione in cambi RISCHIO
64.99.60,basso,Altre intermediazioni finanziarie nca RISCHIO
65.11.00,basso,Assicurazioni sulla vita RISCHIO
65.12.00,basso,Assicurazioni diverse da quelle sulla vita RISCHIO
65.20.00,basso,Attività di riassicurazione RISCHIO
65.30.10,basso,Attività dei fondi pensione aperti RISCHIO
65.30.20,basso,Attività dei fondi pensione negoziali RISCHIO
65.30.30,basso,Attività dei fondi pensione preesistenti RISCHIO
66.11.00,basso,Amministrazione di mercati finanziari RISCHIO
66.12.00,basso,Attività di negoziazione di contratti relativi a titoli e merci RISCHIO
66.19.10,basso,Attività di gestione ed elaborazione di pagamenti tramite carta di credito RISCHIO
66.19.21,basso,Promotori finanziari RISCHIO
66.19.22,basso,"Agenti, mediatori e procacciatori in prodotti finanziari RISCHIO"
66.19.30,basso,Attività delle società fiduciarie di amministrazione RISCHIO
66.19.40,basso,Attività di Bancoposta RISCHIO
66.19.50,basso,Servizi di trasferimento di denaro (money transfer) RISCHIO
66.21.00,basso,Attività dei periti e liquidatori indipendenti delle assicurazioni RISCHIO
66.22.02,basso,Agenti di assicurazioni RISCHIO
66.22.03,basso,Sub-agenti di assicurazioni RISCHIO
66.22.04,basso,"Produttori, procacciatori ed altri intermediari delle assicurazioni RISCHIO"
66.29.01,basso,Autorità centrali di vigilanza su assicurazioni e fondi pensione RISCHIO
66.29.09,basso,Altre attività ausiliarie delle assicurazioni e dei fondi pensione nca RISCHIO
66.30.00,basso,Gestione di fondi comuni di investimento e dei fondi pensione RISCHIO
68.10.00,basso,Compravendita di beni immobili effettuata su beni propri RISCHIO
68.20.01,basso,Locazione immobiliare di beni propri o in leasing (affitto) RISCHIO
68.20.02,basso,Affitto di aziende RISCHIO
68.31.00,basso,Attività di mediazione immobiliare RISCHIO
68.32.00,basso,Amministrazione di condomini e gestione di beni immobili per conto terzi RISCHIO
69.10.10,basso,Attività degli studi legali RISCHIO
69.10.20,basso,Attività degli studi notarili RISCHIO
69.20.11,basso,Servizi forniti da dottori commercialisti RISCHIO
69.20.12,basso,Servizi forniti da ragionieri e periti commerciali RISCHIO
69.20.14,basso,Attività svolta dai Centri di assistenza fiscale (Caf) RISCHIO
69.20.15,basso,Gestione ed amministrazione del personale per conto terzi RISCHIO
69.20.20,basso,Attività delle società di revisione e certificazione di bilanci RISCHIO
69.20.30,basso,Attività dei consulenti del lavoro RISCHIO
70.10.00,basso,Attività delle holding impegnate nelle attività gestionali (holding operative) RISCHIO
70.21.00,basso,Pubbliche relazioni e comunicazione RISCHIO
70.22.01,basso,Attività di consulenza per la gestione della logistica aziendale RISCHIO
71.11.00,basso,Attività degli studi di architettura RISCHIO
71.12.10,basso,Attività degli studi di ingegneria RISCHIO
71.12.20,basso,Servizi di progettazione di ingegneria integrata RISCHIO
71.12.30,basso,Attività tecniche svolte da geometri RISCHIO
71.12.40,basso,Attività di cartografia e aerofotogrammetria RISCHIO
71.12.50,basso,Attività di studio geologico e di prospezione geognostica e mineraria RISCHIO
71.20.10,basso,Collaudi e analisi tecniche di prodotti RISCHIO
71.20.21,basso,"Controllo di qualità e certificazione di prodotti, processi e sistemi RISCHIO"
71.20.22,basso,Attività per la tutela di beni di produzione controllata RISCHIO
72.11.00,basso,Ricerca e sviluppo sperimentale nel campo delle biotecnologie RISCHIO
72.19.01,basso,Ricerca e sviluppo sperimentale nel campo della geologia RISCHIO
72.19.09,basso,Ricerca e sviluppo sperimentale nel campo delle altre scienze naturali e RISCHIO
72.20.00,basso,Ricerca e sviluppo sperimentale nel campo delle scienze sociali e umanistiche RISCHIO
73.11.01,basso,Ideazione di campagne pubblicitarie RISCHIO
73.11.02,basso,Conduzione di campagne di marketing e altri servizi pubblicitari RISCHIO
73.12.00,basso,Attività delle concessionarie e degli altri intermediari di servizi pubblicitari RISCHIO
73.20.00,basso,Ricerche di mercato e sondaggi di opinione RISCHIO
74.10.10,basso,Attività di design di moda e design industriale RISCHIO
74.10.21,basso,Attività dei disegnatori grafici di pagine web RISCHIO
74.10.29,basso,Altre attività dei disegnatori grafici RISCHIO
74.10.30,basso,Attività dei disegnatori tecnici RISCHIO
74.10.90,basso,Altre attività di design RISCHIO
74.20.11,basso,Attività di fotoreporter RISCHIO
74.20.12,basso,Attività di riprese aeree nel campo della fotografia RISCHIO
74.20.19,basso,Altre attività di riprese fotografiche RISCHIO
74.20.20,basso,Laboratori fotografici per lo sviluppo e la stampa RISCHIO
74.30.00,basso,Traduzione e interpretariato RISCHIO
74.90.11,basso,Consulenza agraria fornita da agronomi RISCHIO
74.90.12,basso,Consulenza agraria fornita da agrotecnici e periti agrari RISCHIO
74.90.21,basso,Consulenza sulla sicurezza ed igiene dei posti di lavoro RISCHIO
74.90.29,basso,Altra attività di consulenza in materia di sicurezza RISCHIO
74.90.91,basso,Attività tecniche svolte da periti industriali RISCHIO
74.90.92,basso,Attività riguardanti le previsioni meteorologiche RISCHIO
74.90.93,basso,Altre attività di consulenza tecnica nca RISCHIO
74.90.94,basso,Agenzie ed agenti o procuratori per lo spettacolo e lo sport RISCHIO
74.90.99,basso,Altre attività professionali nca RISCHIO
75.00.00,basso,Servizi veterinari RISCHIO
77.11.00,basso,Noleggio di autovetture ed autoveicoli leggeri RISCHIO
77.12.00,basso,Noleggio di autocarri e di altri veicoli pesanti RISCHIO
77.21.01,basso,Noleggio di biciclette RISCHIO
77.21.02,basso,Noleggio senza equipaggio di imbarcazioni da diporto (inclusi i pedalò) RISCHIO
77.21.09,basso,Noleggio di altre attrezzature sportive e ricreative RISCHIO
77.22.00,basso,"Noleggio di videocassette, Cd, Dvd e dischi contenenti audiovisivi o videogame RISCHIO"
77.29.10,basso,"Noleggio di biancheria da tavola, da letto, da bagno e di articoli di vestiario RISCHIO"
77.31.00,basso,Noleggio di macchine e attrezzature agricole RISCHIO
77.32.00,basso,Noleggio di macchine e attrezzature per lavori edili e di genio civile RISCHIO
77.33.00,basso,Noleggio di macchine e attrezzature per ufficio (inclusi i computer) RISCHIO
77.34.00,basso,Noleggio di mezzi di trasporto marittimo e fluviale RISCHIO
77.35.00,basso,Noleggio di mezzi di trasporto aereo RISCHIO
77.39.10,basso,Noleggio di altri mezzi di trasporto terrestri RISCHIO
77.39.91,basso,Noleggio di container adibiti ad alloggi o ad uffici RISCHIO
77.39.92,basso,Noleggio di container per diverse modalità di trasporto RISCHIO
77.39.99,basso,Noleggio senza operatore di altre macchine ed attrezzature nca RISCHIO
78.10.00,basso,"Servizi di ricerca, selezione, collocamento e supporto per il ricollocamento di RISCHIO"
78.20.00,basso,Attività delle agenzie di fornitura di lavoro temporaneo (interinale) RISCHIO
78.30.00,basso,Altre attività di fornitura e gestione di risorse umane (staff leasing) RISCHIO
79.11.00,basso,Attività delle agenzie di viaggio RISCHIO
79.12.00,basso,Attività dei tour operator RISCHIO
79.90.11,basso,"Servizi di biglietteria per eventi teatrali, sportivi ed altri eventi ricreativi e RISCHIO"
79.90.20,basso,Attività delle guide e degli accompagnatori turistici RISCHIO
80.10.00,basso,Servizi di vigilanza privata RISCHIO
80.20.00,basso,Servizi connessi ai sistemi di vigilanza RISCHIO
80.30.00,basso,Servizi di investigazione privata RISCHIO
81.10.00,basso,Servizi integrati di gestione agli edifici RISCHIO
81.21.00,basso,Pulizia generale (non specializzata) di edifici RISCHIO
81.22.01,basso,Attività di sterilizzazione di attrezzature medico sanitarie RISCHIO
81.22.02,basso,Altre attività di pulizia specializzata di edifici e di impianti e macchinari industriali RISCHIO
81.29.10,basso,Servizi di disinfestazione RISCHIO
81.29.91,basso,"Pulizia e lavaggio di aree pubbliche, rimozione di neve e ghiaccio RISCHIO"
81.29.99,basso,Altre attività di pulizia nca RISCHIO
81.30.00,basso,"Cura e manutenzione del paesaggio (inclusi parchi, giardini e aiuole) RISCHIO"
82.11.01,basso,Servizi integrati di supporto per le funzioni d'ufficio RISCHIO
82.11.02,basso,"Gestione di uffici temporanei, uffici residence RISCHIO"
82.19.01,basso,"Spedizione di materiale propagandistico, compilazione e gestione di indirizzi RISCHIO"
82.20.00,basso,Attività dei call center RISCHIO
82.30.00,basso,Organizzazione di convegni e fiere RISCHIO
82.91.10,basso,Attività di agenzie di recupero crediti RISCHIO
82.91.20,basso,Agenzie di informazioni commerciali RISCHIO
82.92.10,basso,Imballaggio e confezionamento di generi alimentari RISCHIO
82.92.20,basso,Imballaggio e confezionamento di generi non alimentari RISCHIO
82.99.10,basso,Imprese di gestione esattoriale RISCHIO
82.99.20,basso,"Agenzie di distribuzione di libri, giornali e riviste RISCHIO"
82.99.30,basso,Servizi di gestione di pubblici mercati e pese pubbliche RISCHIO
82.99.40,basso,Richiesta certificati e disbrigo pratiche RISCHIO
82.99.91,basso,Servizi di stenotipia RISCHIO
82.99.99,basso,Altri servizi di sostegno alle imprese nca RISCHIO
84.11.20,medio,Attività di pianificazione generale e servizi statistici generali RISCHIO
84.12.10,medio,Regolamentazione dell'attività degli organismi preposti alla sanità RISCHIO
84.12.20,medio,Regolamentazione dell'attività degli organismi preposti all'istruzione RISCHIO
84.13.10,medio,Regolamentazione degli affari concernenti i combustibili e l'energia RISCHIO
84.13.20,medio,"Regolamentazione degli affari e servizi concernenti l'agricoltura, silvicoltura, RISCHIO"
84.13.40,medio,Regolamentazione degli affari e servizi concernenti la costruzione di strade RISCHIO
84.13.60,medio,Regolamentazione degli affari e servizi concernenti i trasporti e le comunicazioni RISCHIO
84.13.70,medio,Regolamentazione degli affari e servizi concernenti il commercio interno RISCHIO
84.13.80,medio,Regolamentazione degli affari e servizi concernenti il turismo RISCHIO
84.13.90,medio,Regolamentazione di altri affari e servizi economici RISCHIO
84.21.00,medio,Affari esteri RISCHIO
84.22.00,medio,Difesa nazionale RISCHIO
84.23.00,medio,Giustizia ed attività giudiziarie RISCHIO
84.24.00,medio,Ordine pubblico e sicurezza nazionale RISCHIO
84.25.10,medio,Attività dei vigili del fuoco RISCHIO
84.25.20,medio,Attività di protezione civile RISCHIO
84.30.00,medio,Assicurazione sociale obbligatoria RISCHIO
85.20.00,medio,Istruzione primaria: scuole elementari RISCHIO
85.31.10,medio,Istruzione secondaria di primo grado: scuole medie RISCHIO
85.31.20,medio,Istruzione secondaria di secondo grado di formazione generale: licei RISCHIO
85.32.01,medio,Scuole di vela e navigazione che rilasciano brevetti o patenti commerciali RISCHIO
85.32.02,medio,Scuole di volo che rilasciano brevetti o patenti commerciali RISCHIO
85.32.03,medio,"Scuole di guida professionale per autisti, ad esempio di autocarri, di autobus e di RISCHIO"
85.32.09,medio,"Altra istruzione secondaria di secondo grado di formazione tecnica, professionale RISCHIO"
85.41.00,medio,Istruzione e formazione tecnica superiore (IFTS) RISCHIO
85.42.00,medio,Istruzione universitaria e post-universitaria; accademie e conservatori RISCHIO
85.51.00,medio,Corsi sportivi e ricreativi RISCHIO
85.52.01,medio,Corsi di danza RISCHIO
85.52.09,medio,Altra formazione culturale RISCHIO
85.53.00,medio,"Autoscuole, scuole di pilotaggio e nautiche RISCHIO"
85.59.10,medio,Università popolare RISCHIO
85.59.20,medio,Corsi di formazione e corsi di aggiornamento professionale RISCHIO
85.59.30,medio,Scuole e corsi di lingua RISCHIO
85.59.90,medio,Altri servizi di istruzione nca RISCHIO
85.60.01,medio,Consulenza scolastica e servizi di orientamento scolastico RISCHIO
85.60.09,medio,Altre attività di supporto all'istruzione RISCHIO
86.10.10,alto,Ospedali e case di cura generici RISCHIO
86.10.20,alto,Ospedali e case di cura specialistici RISCHIO
86.10.30,alto,"Istituti, cliniche e policlinici universitari RISCHIO"
86.10.40,alto,Ospedali e case di cura per lunga degenza RISCHIO
86.21.00,alto,Servizi degli studi medici di medicina generale RISCHIO
86.22.01,alto,Prestazioni sanitarie svolte da chirurghi RISCHIO
86.22.02,alto,Ambulatori e poliambulatori del Servizio Sanitario Nazionale RISCHIO
86.22.03,alto,Attività dei centri di radioterapia RISCHIO
86.22.04,alto,Attività dei centri di dialisi RISCHIO
86.22.05,alto,Studi di omeopatia e di agopuntura RISCHIO
86.22.06,alto,Centri di medicina estetica RISCHIO
86.22.09,alto,Altri studi medici specialistici e poliambulatori RISCHIO
86.23.00,alto,Attività degli studi odontoiatrici RISCHIO
86.90.11,alto,Laboratori radiografici RISCHIO
86.90.12,alto,Laboratori di analisi cliniche RISCHIO
86.90.13,alto,Laboratori di igiene e profilassi RISCHIO
86.90.21,alto,Fisioterapia RISCHIO
86.90.29,alto,Altre attività paramediche indipendenti nca RISCHIO
86.90.30,alto,Attività svolta da psicologi RISCHIO
86.90.41,alto,Attività degli ambulatori tricologici RISCHIO
86.90.42,alto,"Servizi di ambulanza, delle banche del sangue e altri servizi sanitari nca RISCHIO"
87.10.00,alto,Strutture di assistenza infermieristica residenziale per anziani RISCHIO
87.30.00,alto,Strutture di assistenza residenziale per anziani e disabili RISCHIO
87.90.00,alto,Altre strutture di assistenza sociale residenziale RISCHIO
88.10.00,medio,Assistenza sociale non residenziale per anziani e disabili RISCHIO
88.91.00,medio,Servizi di asili nido; assistenza diurna per minori disabili RISCHIO
88.99.00,medio,Altre attività di assistenza sociale non residenziale nca RISCHIO
90.01.01,basso,Attività nel campo della recitazione RISCHIO
90.01.09,basso,Altre rappresentazioni artistiche RISCHIO
90.02.01,basso,Noleggio con operatore di strutture ed attrezzature per manifestazioni e RISCHIO
90.02.02,basso,Attività nel campo della regia RISCHIO
90.02.09,basso,Altre attività di supporto alle rappresentazioni artistiche RISCHIO
90.03.01,basso,Attività dei giornalisti indipendenti RISCHIO
90.03.02,basso,Attività di conservazione e restauro di opere d'arte RISCHIO
90.03.09,basso,Altre creazioni artistiche e letterarie RISCHIO
90.04.00,basso,"Gestione di teatri, sale da concerto e altre strutture artistiche RISCHIO"
91.01.00,basso,Attività di biblioteche ed archivi RISCHIO
91.02.00,basso,Attività di musei RISCHIO
91.03.00,basso,Gestione di luoghi e monumenti storici e attrazioni simili RISCHIO
91.04.00,basso,"Attività degli orti botanici, dei giardini zoologici e delle riserve naturali RISCHIO"
92.00.01,basso,"Ricevitorie del Lotto, SuperEnalotto, Totocalcio eccetera RISCHIO"
92.00.02,basso,Gestione di apparecchi che consentono vincite in denaro funzionanti a moneta o RISCHIO
92.00.09,basso,Altre attività connesse con le lotterie e le scommesse RISCHIO
93.11.10,basso,Gestione di stadi RISCHIO
93.11.20,basso,Gestione di piscine RISCHIO
93.11.30,basso,Gestione di impianti sportivi polivalenti RISCHIO
93.11.90,basso,Gestione di altri impianti sportivi nca RISCHIO
93.12.00,basso,Attività di club sportivi RISCHIO
93.13.00,basso,Gestione di palestre RISCHIO
93.19.10,basso,"Enti e organizzazioni sportive, promozione di eventi sportivi RISCHIO"
93.19.91,basso,Ricarica di bombole per attività subacquee RISCHIO
93.19.92,basso,Attività delle guide alpine RISCHIO
93.19.99,basso,Altre attività sportive nca RISCHIO
93.21.00,basso,Parchi di divertimento e parchi tematici RISCHIO
93.29.10,basso,"Discoteche, sale da ballo night-club e simili RISCHIO"
93.29.20,basso,"Gestione di stabilimenti balneari: marittimi, lacuali e fluviali RISCHIO"
93.29.30,basso,Sale giochi e biliardi RISCHIO
93.29.90,basso,Altre attività di intrattenimento e di divertimento nca RISCHIO
94.12.10,basso,Attività di federazioni e consigli di ordini e collegi professionali RISCHIO
94.12.20,basso,Attività di associazioni professionali RISCHIO
94.20.00,basso,Attività dei sindacati di lavoratori dipendenti RISCHIO
94.91.00,basso,Attività delle organizzazioni religiose nell'esercizio del culto RISCHIO
94.92.00,basso,Attività dei partiti e delle associazioni politiche RISCHIO
94.99.10,basso,Attività di organizzazioni per la tutela degli interessi e dei diritti dei cittadini RISCHIO
94.99.20,basso,"Attività di organizzazioni che perseguono fini culturali, ricreativi e la coltivazione RISCHIO"
94.99.30,basso,Attività di organizzazioni patriottiche e associazioni combattentistiche RISCHIO
94.99.40,basso,Attività di organizzazioni per la cooperazione e la solidarietà internazionale RISCHIO
94.99.50,basso,Attività di organizzazioni per la filantropia RISCHIO
94.99.60,basso,Attività di organizzazioni per la promozione e la difesa degli animali e RISCHIO
94.99.90,basso,Attività di altre organizzazioni associative nca RISCHIO
95.11.00,basso,Riparazione e manutenzione di computer e periferiche RISCHIO
95.12.01,basso,"Riparazione e manutenzione di telefoni fissi, cordless e cellulari RISCHIO"
95.12.09,basso,Riparazione e manutenzione di altre apparecchiature per le comunicazioni RISCHIO
95.21.00,basso,Riparazione di prodotti elettronici di consumo audio e video RISCHIO
95.22.01,basso,Riparazione di elettrodomestici e di articoli per la casa RISCHIO
95.22.02,basso,Riparazione di articoli per il giardinaggio RISCHIO
95.23.00,basso,"Riparazione di calzature e articoli da viaggio in pelle, cuoio o in altri materiali RISCHIO"
95.24.01,basso,Riparazione di mobili e di oggetti di arredamento RISCHIO
95.24.02,basso,Laboratori di tappezzeria RISCHIO
95.25.00,basso,Riparazione di orologi e di gioielli RISCHIO
95.29.01,basso,Riparazione di strumenti musicali RISCHIO
95.29.03,basso,Modifica e riparazione di articoli di vestiario non effettuate dalle sartorie RISCHIO
95.29.09,basso,Riparazione di altri beni di consumo per uso personale e per la casa nca RISCHIO
96.01.10,basso,Attività delle lavanderie industriali RISCHIO
96.01.20,basso,"Altre lavanderie, tintorie RISCHIO"
96.02.01,basso,Servizi dei saloni di barbiere e parrucchiere RISCHIO
96.02.02,basso,Servizi degli istituti di bellezza RISCHIO
96.02.03,basso,Servizi di manicure e pedicure RISCHIO
96.03.00,basso,Servizi di pompe funebri e attività connesse RISCHIO
96.04.10,basso,Servizi di centri per il benessere fisico (esclusi gli stabilimenti termali) RISCHIO
96.04.20,basso,Stabilimenti termali RISCHIO
96.09.01,basso,"Attività di sgombero di cantine, solai e garage RISCHIO"
96.09.02,basso,Attività di tatuaggio e piercing RISCHIO
96.09.03,basso,Agenzie matrimoniali e d'incontro RISCHIO
96.09.04,basso,Servizi di cura degli animali da compagnia (esclusi i servizi veterinari) RISCHIO
96.09.05,basso,Organizzazione di feste e cerimonie RISCHIO
96.09.09,basso,Altre attività di servizi per la persona nca RISCHIO
97.00.00,basso,Attività di famiglie e convivenze come datori di lavoro per personale domestico RISCHIO
98.10.00,basso,Produzione di beni indifferenziati per uso proprio da parte di famiglie e RISCHIO
98.20.00,basso,Produzione di servizi indifferenziati per uso proprio da parte di famiglie e RISCHIO
99.00.00,basso,Organizzazioni ed organismi extraterritoriali RISCHIO
